,Linear,Cumulative,Recursive,Q 2.1,Q 2.2,Q 2.3,Q 2.4 a),Q 2.4 b)
Q 1.1 a),75.000000,93.505785,95.471767,0.935058,100,0.25,5,5
Q 1.1 b),0.000000,3.500000,3.774367,0.957160,,0.25,5,5
Q 1.2 a),-5.000000,-4.149957,-3.509807,0.937946,,0.25,5,5
Q 1.2 b),-0.200000,-0.221481,-0.257141,1.234952,,0.25,5,5
Q 1.3 a),0.000000,0.231513,0.262088,,,,,
Q 1.3 b),0.000000,0.002779,0.005214,,,,,
