Net Returns,Sharpe Ratio
27.944949653190253,0.05678980477893985
