Net Returns,Sharpe Ratio
41.11566315471583,0.0978730634539359
